player_name,team,age,games_played,minutes_per_game,points_per_game,rebounds_per_game,assists_per_game,steals_per_game,blocks_per_game,turnovers_per_game,fg_pct,three_pt_pct,ft_pct,plus_minus,production_score,salary,is_rotation_player,salary_millions,production_per_million
Isaiah Mobley,PHI,25,1,17.4,6,4,5,1,1,0,0.286,0.333,0.5,-6,22.3,11997,FALSE,0.011997,1858.8
JD Davison,BOS,22,16,5.8,2.1,0.8,0.8,0.3,0.1,0.8,0.353,0.222,0.714,-1.8,4.26,11997,FALSE,0.011997,355.09
Brandon Williams,DAL,25,33,14.8,8.3,1.8,2.3,0.7,0.2,1.2,0.521,0.4,0.833,0.3,14.51,47989,FALSE,0.047989,302.36
Braxton Key,GSW,28,3,3.6,1,0.7,0,0.7,0,0.3,0,0,0.5,-2.7,2.94,11997,FALSE,0.011997,245.06
Drew Timme,BKN,24,9,28.2,12.1,7.2,2.2,0.4,0.1,1.7,0.441,0.257,0.625,-7.3,23.34,113055,FALSE,0.113055,206.45
Nae'Qwan Tomlin,CLE,24,5,12.7,7.2,4.2,0.4,0,0.2,0.4,0.406,0.2,0.727,1.4,12.84,66503,FALSE,0.066503,193.07
Killian Hayes,BKN,23,6,27.1,9,3,5.2,0.7,0.7,1.5,0.419,0.381,0.833,-4,21.7,119972,FALSE,0.119972,180.88
Marcus Bagley,PHI,23,10,25.3,6.7,7,1,0.9,1.2,0.7,0.391,0.156,0.8,-8.4,20.1,126356,FALSE,0.126356,159.07
A.J. Lawson,TOR,24,26,18.7,9.1,3.3,1.2,0.5,0.2,0.6,0.421,0.327,0.683,-0.7,15.66,100000,FALSE,0.1,156.6
Jaylen Sims,CHA,26,6,18.6,7,1,2,0.5,0.2,1.3,0.429,0.4,0.8,-7.8,11.3,73153,FALSE,0.073153,154.47
Marcus Garrett,CHA,26,4,19.8,7,1.5,3.3,0.8,0.5,1.5,0.407,0.375,0.75,-9.8,14.85,107027,FALSE,0.107027,138.75
Oshae Brissett,PHI,27,6,23.7,8.7,3.7,0.7,0.7,0.5,1.3,0.487,0.333,0.571,-5.2,15.29,119972,FALSE,0.119972,127.45
Jared Rhoden,TOR,25,14,16.2,8.4,3,1.1,0.7,0.1,0.6,0.483,0.308,0.88,4.6,14.65,119972,FALSE,0.119972,122.11
Yuri Collins,GSW,24,2,8.2,1,1.5,2,1,0,0,0.333,0,0,-2.5,7.8,66503,FALSE,0.066503,117.29
Kylor Kelley,LAL,27,11,11.5,3.1,3.5,0.5,0.1,0.3,0.4,0.636,0,0.6,-6.8,8.45,73153,FALSE,0.073153,115.51
Malachi Flynn,SAS,27,4,10.9,4,1.8,1.8,0.8,0,1,0.385,0.25,0.833,0.3,9.46,119972,FALSE,0.119972,78.85
Phillip Wheeler,PHI,23,5,8.9,1.6,1.6,0.4,0.2,0.4,0.2,0.143,0,1,2.6,5.12,66503,FALSE,0.066503,76.99
Jordan Goodwin,LAL,26,29,18.7,5.6,3.9,1.4,1,0.4,0.9,0.438,0.382,0.818,-0.4,14.28,223718,FALSE,0.223718,63.83
Chuma Okeke,CLE,26,9,21.9,5.9,5.2,1.7,0.6,0.4,0.3,0.5,0.393,0.667,-3.1,16.39,355687,FALSE,0.355687,46.08
Cole Swider,IND,26,10,17,5.9,2.7,0.3,0.4,0.2,0.4,0.349,0.319,0,5.4,10.39,227947,FALSE,0.227947,45.58
Justin Edwards,PHI,21,44,26.2,10.1,3.4,1.6,1,0.4,1.1,0.455,0.363,0.696,-6.4,18.28,425619,FALSE,0.425619,42.95
Terence Davis,SAC,28,1,7.9,0,1,1,0,0,0,0,0,0,-3,2.7,64301,FALSE,0.064301,41.99
Isaac Jones,SAC,24,40,7.6,3.4,1.4,0.3,0.1,0.3,0.4,0.651,0.375,0.639,-1.6,5.93,152957,FALSE,0.152957,38.77
Quinten Post,GSW,25,42,16.3,8.1,3.5,1.3,0.4,0.4,0.8,0.449,0.408,0.778,1,15.05,438920,FALSE,0.43892,34.29
Jaylen Nowell,WAS,25,8,21,8.4,2.5,2.3,0.1,0.5,1,0.356,0.296,0.636,-5.3,15.05,446743,FALSE,0.446743,33.69
Brandon Boston Jr.,NOP,23,42,23.6,10.7,3.2,2.2,1.3,0.2,1.2,0.436,0.35,0.788,-3.3,19.64,596581,FALSE,0.596581,32.92
Colin Castleton,TOR,25,26,16.6,4.7,4.7,1.1,0.3,0.4,0.9,0.469,0.125,0.763,-1.2,12.49,421081,FALSE,0.421081,29.66
Tyrese Martin,BKN,26,60,21.9,8.7,3.7,2,0.6,0.2,1.2,0.406,0.351,0.793,-4.3,16.54,635853,FALSE,0.635853,26.01
Lonnie Walker IV,PHI,26,20,23.8,12.4,3.2,2.5,0.5,0.3,1.3,0.42,0.354,0.8,-7.1,20.29,780932,FALSE,0.780932,25.98
Moses Brown,DAL,25,13,9.1,5.8,3.4,0.2,0.5,0.3,0.8,0.694,0,0.727,-1.1,10.98,426632,FALSE,0.426632,25.74
Bismack Biyombo,SAS,32,28,18.8,5.1,5.6,1.1,0.6,0.8,1,0.588,0,0.4,-3.6,15.27,647851,FALSE,0.647851,23.57
Elfrid Payton,NOP,31,24,21.3,3.5,3.3,6.9,1,0.5,2.5,0.328,0.167,0.571,-6.2,18.31,789048,FALSE,0.789048,23.21
Jared Butler,PHI,24,60,17.4,9,1.8,3.7,0.7,0.2,1.3,0.448,0.355,0.824,-2.2,17.21,745726,FALSE,0.745726,23.08
Skal Labissiere,SAC,29,4,3,1.3,0.8,0.3,0,0,0,0.5,1,0,-0.3,2.71,119972,FALSE,0.119972,22.59
Jahlil Okafor,IND,29,1,3.4,0,1,1,0,0,0,0,0,0,5,2.7,119972,FALSE,0.119972,22.51
Dominick Barlow,ATL,22,35,10.7,4.2,2.4,0.5,0.3,0.5,0.1,0.531,0.259,0.636,-0.1,9.33,491887,FALSE,0.491887,18.97
Jaylen Clark,MIN,23,40,13,4.1,1.3,0.7,0.9,0.1,0.2,0.467,0.431,0.784,1.1,8.51,492323,FALSE,0.492323,17.29
Daishen Nix,MIN,23,3,4.4,0.3,1.3,1,0,0,1.3,0,0,0.5,3,2.06,119972,FALSE,0.119972,17.17
Branden Carlson,OKC,26,32,7.7,3.8,1.7,0.4,0.2,0.7,0.2,0.443,0.333,0.778,1.3,8.04,496519,FALSE,0.496519,16.19
Tony Bradley,IND,27,14,8.1,4.4,3,0.4,0.1,0.6,0.4,0.644,0.333,0.333,3.1,9.6,600545,FALSE,0.600545,15.99
Jaylen Wells,MEM,21,79,25.9,10.4,3.4,1.7,0.6,0.1,0.9,0.425,0.352,0.822,2.4,17.53,1157153,FALSE,1.157153,15.15
Pat Spencer,GSW,28,39,6.4,2.5,1.2,1.2,0.4,0.1,0.5,0.406,0.227,0.733,-0.4,6.24,438810,FALSE,0.43881,14.22
Lamar Stevens,MEM,27,17,9.1,4.4,2.2,0.5,0.3,0.2,0.6,0.46,0.296,0.727,3.9,8.19,623856,FALSE,0.623856,13.13
Toumani Camara,POR,25,78,32.7,11.3,5.8,2.2,1.5,0.6,1.4,0.458,0.375,0.722,-1.5,24.36,1891857,FALSE,1.891857,12.88
Jamison Battle,TOR,24,59,17.7,7.1,2.7,0.9,0.3,0.2,0.5,0.429,0.405,0.889,-3.1,12.19,1000000,FALSE,1,12.19
Adem Bona,PHI,22,58,15.6,5.8,4.2,0.5,0.4,1.2,1.1,0.703,0,0.67,-1.9,13.69,1157153,FALSE,1.157153,11.83
Terry Taylor,SAC,25,3,2.1,0,0.3,0.7,0,0,0,0,0,0,3,1.41,119972,FALSE,0.119972,11.75
Ryan Rollins,MIL,22,56,14.6,6.2,1.9,1.9,0.8,0.3,0.9,0.487,0.408,0.8,1.5,12.63,1091887,FALSE,1.091887,11.57
Andrew Nembhard,IND,25,65,28.9,10,3.3,5,1.2,0.2,1.7,0.458,0.291,0.794,3.1,22.56,2019699,TRUE,2.019699,11.17
Walker Kessler,UTA,23,58,30,11.1,12.2,1.7,0.6,2.4,1.5,0.663,0.176,0.52,-5.7,32.79,2965920,TRUE,2.96592,11.06
Jose Alvarado,NOP,27,56,24.4,10.3,2.4,4.6,1.3,0.3,1.5,0.392,0.359,0.811,-4.1,21.78,1988598,FALSE,1.988598,10.95
Justin Champagnie,WAS,24,62,21.6,8.8,5.7,1,1,0.6,0.9,0.511,0.383,0.685,-4.6,19.44,1800000,FALSE,1.8,10.8
Scotty Pippen Jr.,MEM,24,79,21.3,9.9,3.3,4.4,1.3,0.4,1.7,0.48,0.397,0.713,0.6,22.16,2087519,TRUE,2.087519,10.62
Tyus Jones,PHX,29,81,26.8,10.2,2.4,5.3,0.9,0.1,1.1,0.448,0.414,0.895,-1.1,21.93,2087519,TRUE,2.087519,10.51
Guerschon Yabusele,PHI,29,70,27.1,11,5.6,2.1,0.8,0.3,1.2,0.501,0.38,0.725,-1.7,21.87,2087519,TRUE,2.087519,10.48
Spencer Dinwiddie,DAL,32,79,27,11,2.6,4.4,0.9,0.2,1.3,0.416,0.334,0.802,-2.8,21.62,2087519,TRUE,2.087519,10.36
Oso Ighodaro,PHX,22,61,17.1,4.2,3.6,1.2,0.5,0.5,0.6,0.604,0,0.58,-0.3,11.72,1157153,FALSE,1.157153,10.13
Orlando Robinson,TOR,24,44,17.5,6.9,5,1.8,0.4,0.4,1.1,0.444,0.327,0.771,-2,16.1,1691610,FALSE,1.69161,9.52
Jonathan Mogbo,TOR,23,63,20.4,6.2,4.9,2.3,0.9,0.5,1.1,0.438,0.243,0.732,-3.8,17.23,1862265,FALSE,1.862265,9.25
Keon Johnson,BKN,23,79,24.4,10.6,3.8,2.2,1,0.4,1.5,0.389,0.314,0.77,-5.4,19.76,2162606,TRUE,2.162606,9.14
Jalen Johnson,ATL,23,36,35.7,18.9,10,5,1.6,1,2.9,0.5,0.312,0.746,1.5,40.7,4510905,FALSE,4.510905,9.02
Antonio Reeves,NOP,24,44,15,6.9,1.4,0.9,0.5,0.1,0.7,0.456,0.395,0.8,-3.4,10.43,1157153,FALSE,1.157153,9.01
Christian Braun,DEN,24,79,33.9,15.4,5.2,2.6,1.1,0.5,1,0.58,0.397,0.827,6.1,27.74,3089640,TRUE,3.08964,8.98
Markelle Fultz,SAC,27,21,8.8,2.9,1,1.3,0.5,0.1,0.7,0.418,0.5,1,0.2,6.55,731831,FALSE,0.731831,8.95
Jaylin Williams,OKC,23,47,16.7,5.9,5.6,2.6,0.5,0.6,0.7,0.439,0.399,0.767,6.4,18.02,2019699,TRUE,2.019699,8.92
Jalen Wilson,BKN,24,79,25.7,9.5,3.4,1.8,0.5,0.1,1,0.397,0.337,0.818,-3.3,16.48,1891857,FALSE,1.891857,8.71
Trayce Jackson-Davis,GSW,25,62,15.6,6.6,5,1.7,0.4,0.6,0.7,0.576,0,0.578,-1,16.45,1891857,FALSE,1.891857,8.7
Keshad Johnson,MIA,24,16,6.1,2.7,1.8,0.3,0.3,0.3,0.3,0.692,0.429,0.444,0.3,6.21,724883,FALSE,0.724883,8.57
Isaiah Collier,UTA,20,71,25.9,8.7,3.3,6.3,0.9,0.2,2.9,0.422,0.249,0.682,-5.7,21.41,2512680,TRUE,2.51268,8.52
Ty Jerome,CLE,27,70,19.9,12.5,2.5,3.4,1.1,0,1.3,0.516,0.439,0.872,4.3,21.5,2560975,TRUE,2.560975,8.4
Luke Kornet,BOS,29,73,18.6,6,5.3,1.6,0.5,1,0.4,0.668,0,0.691,5.5,17.36,2087519,TRUE,2.087519,8.32
Bruno Fernando,TOR,26,17,8.6,3.4,3,1.1,0.2,0.5,0.8,0.531,0,0.75,-1.3,9.25,1115128,FALSE,1.115128,8.3
Gary Trent Jr.,MIL,26,74,25.6,11.1,2.3,1.2,1,0.1,0.6,0.431,0.416,0.848,0.9,17.26,2087519,TRUE,2.087519,8.27
Jamal Shead,TOR,22,75,19.6,7.1,1.5,4.2,0.8,0.1,1.6,0.405,0.323,0.768,-3.1,15.4,1862265,FALSE,1.862265,8.27
Keon Ellis,SAC,25,80,24.4,8.3,2.7,1.5,1.5,0.8,0.9,0.489,0.433,0.849,0.8,17.49,2120693,TRUE,2.120693,8.25
Mark Williams,CHA,23,44,26.6,15.3,10.2,2.5,0.7,1.2,1.6,0.604,0,0.804,-6.8,33.49,4094280,TRUE,4.09428,8.18
Pelle Larsson,MIA,24,55,14.2,4.6,1.7,1.2,0.6,0.1,0.4,0.438,0.337,0.672,0.2,9.44,1157153,FALSE,1.157153,8.16
Mouhamed Gueye,ATL,22,33,16.1,6,4.2,0.8,0.8,1,0.5,0.421,0.259,0.762,2.6,15.34,1891857,FALSE,1.891857,8.11
Cam Thomas,BKN,23,25,31.2,24,3.3,3.8,0.6,0.1,2.5,0.438,0.349,0.881,-3.7,32.56,4041249,FALSE,4.041249,8.06
Taurean Prince,MIL,31,80,27.1,8.2,3.6,1.9,1,0.2,1,0.457,0.439,0.813,-0.3,16.77,2087519,TRUE,2.087519,8.03
Jalen Williams,OKC,24,69,32.4,21.6,5.3,5.1,1.6,0.7,2.2,0.484,0.365,0.789,6.6,38.01,4775760,TRUE,4.77576,7.96
Malevy Leons,OKC,25,6,3.5,0.3,0.5,0.2,0,0,0.2,0,0,0.5,-3,1,126356,FALSE,0.126356,7.91
Mason Plumlee,PHX,35,74,17.6,4.5,6.1,1.8,0.4,0.6,0.8,0.619,0,0.648,0.7,15.72,2087519,TRUE,2.087519,7.53
Jordan Miller,LAC,25,37,11.4,4.1,1.6,0.9,0.5,0.1,0.7,0.433,0.211,0.8,-1.7,7.87,1050000,FALSE,1.05,7.5
Alperen Sengun,HOU,22,76,31.5,19.1,10.3,4.9,1.1,0.8,2.6,0.496,0.233,0.692,5.4,40.01,5424654,TRUE,5.424654,7.38
Yves Missi,NOP,21,73,26.8,9.1,8.2,1.4,0.5,1.3,1.1,0.547,0,0.623,-7,23.54,3193200,TRUE,3.1932,7.37
Peyton Watson,DEN,22,68,24.3,8.1,3.4,1.4,0.7,1.4,0.8,0.477,0.353,0.693,-0.4,17.68,2413560,TRUE,2.41356,7.33
Sam Hauser,BOS,27,71,21.7,8.5,3.2,0.9,0.6,0.2,0.3,0.451,0.416,1,4.6,14.99,2092344,TRUE,2.092344,7.16
Tari Eason,HOU,24,57,24.9,12,6.4,1.5,1.7,0.9,1.1,0.487,0.342,0.76,2.5,26.03,3695160,TRUE,3.69516,7.04
Keyonte George,UTA,21,67,31.5,16.8,3.8,5.6,0.7,0.1,2.7,0.391,0.343,0.818,-7.6,28.66,4084200,TRUE,4.0842,7.02
Ricky Council IV,PHI,23,73,17.1,7.3,2.9,1.3,0.4,0.2,0.7,0.382,0.258,0.804,-2.2,13.23,1891857,FALSE,1.891857,6.99
Dalano Banton,POR,25,67,16.7,8.3,2,2.4,0.6,0.5,1.3,0.391,0.324,0.728,-0.8,15.2,2196970,TRUE,2.19697,6.92
Brandin Podziemski,GSW,22,64,26.8,11.7,5.1,3.4,1.1,0.2,1.2,0.445,0.372,0.758,4.1,24.32,3519960,TRUE,3.51996,6.91
Kyshawn George,WAS,21,68,26.5,8.7,4.2,2.5,1,0.7,1.4,0.372,0.322,0.753,-5.3,19.49,2825520,TRUE,2.82552,6.9
Kyle Filipowski,UTA,21,72,21.1,9.6,6.1,1.9,0.7,0.3,1.4,0.502,0.35,0.65,-5.1,20.37,3000000,TRUE,3,6.79
Trendon Watford,BKN,24,44,20.7,10.2,3.6,2.6,0.6,0.3,1.9,0.469,0.33,0.762,-1.5,18.32,2726603,TRUE,2.726603,6.72
Vince Williams Jr.,MEM,24,27,18.5,6.6,3.6,2,0.4,0.3,1.2,0.401,0.274,0.792,0.2,14.12,2120693,FALSE,2.120693,6.66
Jeremiah Robinson-Earl,NOP,24,66,18.8,6.3,4.8,1.3,0.6,0.1,0.8,0.455,0.341,0.836,-5,14.61,2196970,TRUE,2.19697,6.65
Jalen Duren,DET,21,78,26.1,11.8,10.3,2.7,0.7,1.1,1.7,0.692,0,0.669,0.5,30.11,4536840,TRUE,4.53684,6.64
Trey Murphy III,NOP,25,53,35,21.2,5.1,3.5,1.1,0.7,1.9,0.454,0.361,0.887,-7.2,34.27,5159854,TRUE,5.159854,6.64
Jaxson Hayes,LAL,25,56,19.5,6.8,4.8,1,0.6,0.9,0.8,0.722,0,0.622,1.6,16.26,2463946,TRUE,2.463946,6.6
Thomas Bryant,IND,27,66,14.6,6.5,3.8,0.8,0.4,0.6,0.5,0.508,0.324,0.859,-0.6,13.76,2087519,FALSE,2.087519,6.59
Santi Aldama,MEM,24,65,25.5,12.5,6.4,2.9,0.8,0.4,1.1,0.483,0.368,0.691,2.3,25.83,3960531,TRUE,3.960531,6.52
Brice Sensabaugh,UTA,21,71,20.2,10.9,3,1.5,0.6,0.1,1.5,0.459,0.422,0.89,-4,16.65,2571480,TRUE,2.57148,6.47
Cameron Payne,NYK,30,72,15.1,6.9,1.4,2.8,0.5,0.2,0.7,0.401,0.363,0.907,2.8,13.48,2087519,TRUE,2.087519,6.46
Landry Shamet,NYK,28,50,15.2,5.7,1.2,0.5,0.5,0,0.4,0.461,0.397,0.667,1.8,8.49,1343690,FALSE,1.34369,6.32
Daniel Theis,NOP,33,38,16.3,4.3,4.3,1.6,0.5,0.5,0.7,0.473,0.243,0.838,-1.6,13.16,2087519,FALSE,2.087519,6.3
Jaden Hardy,DAL,22,57,15.9,8.7,1.6,1.4,0.5,0.1,1.4,0.435,0.386,0.698,-1.1,12.52,2019699,TRUE,2.019699,6.2
Sam Merrill,CLE,29,71,19.7,7.2,2.2,1.5,0.7,0.2,0.5,0.406,0.372,0.966,4.5,13.39,2164993,TRUE,2.164993,6.18
Kevin Porter Jr.,MIL,25,75,19.8,10.3,3.7,3.4,1.1,0.2,1.8,0.449,0.311,0.769,0.4,20.64,3366937,TRUE,3.366937,6.13
Alec Burks,MIA,33,49,17.6,7.3,2.5,1.1,0.6,0.1,0.6,0.424,0.425,0.776,2.2,12.75,2087519,TRUE,2.087519,6.11
Bol Bol,PHX,25,36,12.5,6.8,2.9,0.6,0.3,0.7,0.6,0.525,0.344,0.769,-1,12.58,2087519,FALSE,2.087519,6.03
Julian Champagnie,SAS,24,82,23.6,9.9,3.9,1.4,0.7,0.4,0.9,0.415,0.371,0.904,-0.8,17.98,3000000,TRUE,3,5.99
Nick Smith Jr.,CHA,21,60,22.8,9.9,2.1,2.4,0.3,0.1,1.4,0.391,0.34,0.935,-6.6,15.42,2587200,TRUE,2.5872,5.96
Sandro Mamukelashvili,SAS,26,61,11.2,6.3,3.1,0.8,0.4,0.3,0.4,0.502,0.373,0.741,-0.5,12.22,2087519,FALSE,2.087519,5.85
Quentin Grimes,PHI,25,75,26.8,14.6,4.3,3,1,0.3,1.9,0.467,0.385,0.757,-3.5,24.96,4296682,TRUE,4.296682,5.81
Jay Huff,MEM,27,64,11.7,6.9,2,0.6,0.3,0.9,0.5,0.515,0.405,0.786,0.4,12.1,2088033,FALSE,2.088033,5.79
DeAndre Jordan,DEN,36,56,12.3,3.7,5.1,0.9,0.3,0.5,0.7,0.65,0,0.422,-0.8,12.07,2087519,FALSE,2.087519,5.78
Kyle Lowry,PHI,39,35,18.8,3.9,1.9,2.7,0.9,0.3,0.6,0.35,0.33,0.818,-2,12.03,2087519,FALSE,2.087519,5.76
Garrison Mathews,ATL,28,47,17.6,7.5,1.9,1.3,0.6,0.3,0.7,0.397,0.39,0.821,-1.3,12.83,2230253,TRUE,2.230253,5.75
Charles Bassey,SAS,24,36,10.4,4.4,4.2,0.5,0.4,0.8,0.6,0.581,0,0.636,-3.6,11.99,2087519,FALSE,2.087519,5.74
Mo Bamba,NOP,27,32,12.9,4.3,4.5,0.6,0.3,1,0.6,0.464,0.278,0.704,-2.3,12.6,2207491,FALSE,2.207491,5.71
Julian Strawther,DEN,23,65,21.3,9,2.2,1.3,0.6,0.2,0.9,0.432,0.349,0.822,-1.1,14.29,2552520,TRUE,2.55252,5.6
Franz Wagner,ORL,23,60,33.7,24.2,5.7,4.7,1.3,0.4,2.3,0.463,0.295,0.871,4.1,39.19,7007092,TRUE,7.007092,5.59
Ryan Dunn,PHX,22,74,19.1,6.9,3.6,0.8,0.6,0.5,0.5,0.43,0.311,0.487,-2.3,14.12,2530800,TRUE,2.5308,5.58
Neemias Queta,BOS,25,62,13.9,5,3.8,0.7,0.3,0.7,0.6,0.65,0,0.754,2.5,12.01,2162606,FALSE,2.162606,5.55
Jabari Walker,POR,22,60,12.5,5.2,3.5,0.6,0.6,0.1,0.6,0.515,0.389,0.69,0.3,11.1,2019699,FALSE,2.019699,5.5
DaQuan Jeffries,CHA,27,47,22.8,6.7,2.9,1.1,0.6,0.5,0.7,0.405,0.335,0.8,-5.9,13.33,2425404,TRUE,2.425404,5.5
Dyson Daniels,ATL,22,76,33.8,14.1,5.9,4.4,3,0.7,2,0.493,0.34,0.593,-0.9,33.18,6059520,TRUE,6.05952,5.48
Gui Santos,GSW,23,56,13.6,4.1,3.1,1.4,0.4,0.2,0.8,0.458,0.33,0.69,2.9,10.32,1891857,FALSE,1.891857,5.45
Jared McCain,PHI,21,23,25.7,15.3,2.4,2.6,0.7,0,1.6,0.46,0.383,0.875,-1.2,21.88,4020360,FALSE,4.02036,5.44
Javonte Green,CLE,31,68,18.5,5.1,3.2,0.8,1,0.5,0.5,0.429,0.326,0.724,-3.1,12.64,2328350,TRUE,2.32835,5.43
Talen Horton-Tucker,CHI,24,58,12.5,6.5,1.7,1.4,0.4,0.2,0.7,0.457,0.336,0.735,0.3,11.14,2087519,FALSE,2.087519,5.34
Kel'el Ware,MIA,21,64,22.2,9.3,7.4,0.9,0.6,1.1,0.9,0.554,0.315,0.687,0.6,22.03,4231800,TRUE,4.2318,5.21
Russell Westbrook,DEN,36,75,27.9,13.3,4.9,6.1,1.4,0.5,3.2,0.449,0.323,0.661,-0.3,28.93,5631296,TRUE,5.631296,5.14
Day'Ron Sharpe,BKN,23,50,18.1,7.9,6.6,1.8,0.8,0.8,1.3,0.521,0.244,0.757,1.3,20.42,3989122,TRUE,3.989122,5.12
Jalen Pickett,DEN,25,49,13.6,4.1,1.4,2.2,0.4,0.1,0.5,0.428,0.396,0.75,1.1,9.58,1891857,FALSE,1.891857,5.06
Seth Curry,CHA,34,68,15.6,6.5,1.7,0.9,0.4,0.1,0.5,0.478,0.456,0.846,-2.5,10.39,2087519,TRUE,2.087519,4.98
Ariel Hukporti,NYK,23,25,8.7,1.9,2,0.4,0,0.6,0.8,0.677,0,0.462,-2.5,5.3,1064049,FALSE,1.064049,4.98
Jaime Jaquez Jr.,MIA,24,66,20.7,8.6,4.4,2.5,0.9,0.2,1.5,0.461,0.311,0.754,-2.3,18.33,3685800,TRUE,3.6858,4.97
Noah Clowney,BKN,20,46,22.7,9.1,3.9,0.9,0.5,0.5,1,0.358,0.333,0.838,-5.7,16.13,3244080,TRUE,3.24408,4.97
Dereck Lively II,DAL,21,36,23.1,8.7,7.5,2.4,0.6,1.6,1.1,0.702,0,0.63,3.4,24.6,5014560,FALSE,5.01456,4.91
Dante Exum,DAL,29,20,18.6,8.7,1.7,2.8,0.6,0.2,1.1,0.478,0.434,0.742,-2.4,15.44,3150000,FALSE,3.15,4.9
AJ Johnson,WAS,20,29,22,7.6,2,2.6,0.4,0.1,1.2,0.385,0.267,0.865,-5.2,13.7,2795294,FALSE,2.795294,4.9
Bub Carrington,WAS,19,82,30,9.8,4.2,4.4,0.7,0.3,1.7,0.401,0.339,0.812,-9.7,21.74,4454880,TRUE,4.45488,4.88
Jake LaRavia,SAC,23,66,20.4,6.9,3.9,2.4,0.9,0.3,1.3,0.475,0.423,0.678,1.9,16.28,3352680,TRUE,3.35268,4.86
Julian Phillips,CHI,21,79,14.2,4.6,2.1,0.5,0.5,0.3,0.3,0.446,0.327,0.789,0.4,9.17,1891857,FALSE,1.891857,4.85
E.J. Liddell,CHI,24,12,4.4,1.8,0.8,0.3,0.1,0.1,0.2,0.533,0.3,1,-0.7,3.41,706898,FALSE,0.706898,4.82
Johnny Juzang,UTA,24,64,19.8,8.9,2.9,1.1,0.6,0.1,0.6,0.429,0.376,0.849,-5.6,14.83,3087519,TRUE,3.087519,4.8
Monte Morris,PHX,30,45,12.7,5.2,1.5,1.6,0.4,0.1,0.5,0.426,0.36,0.857,1,9.9,2087519,FALSE,2.087519,4.74
Andre Jackson Jr.,MIL,23,67,14.6,3.4,2.7,1.2,0.5,0.2,0.9,0.477,0.395,0.5,-0.5,8.94,1891857,FALSE,1.891857,4.73
Delon Wright,NYK,33,40,15.9,3.1,1.7,1.9,0.9,0.3,0.6,0.344,0.274,0.6,0,9.79,2087519,TRUE,2.087519,4.69
Gradey Dick,TOR,21,54,29.4,14.4,3.6,1.8,0.9,0.2,1.5,0.41,0.35,0.858,-3.9,22.12,4763760,TRUE,4.76376,4.64
Colby Jones,WAS,23,39,13.2,4,2.2,1.1,0.7,0.3,0.6,0.457,0.327,0.657,-2.9,9.69,2120693,FALSE,2.120693,4.57
Cam Whitmore,HOU,20,51,16.2,9.4,3,1,0.6,0.3,0.9,0.444,0.355,0.75,0,15.4,3379080,TRUE,3.37908,4.56
Ja'Kobe Walter,TOR,20,52,21.2,8.6,3.1,1.6,0.8,0.2,1,0.405,0.349,0.795,-1.6,15.72,3465000,TRUE,3.465,4.54
Lindy Waters III,DET,27,52,15,4.9,2.1,1,0.5,0.2,0.4,0.369,0.344,0.727,0.3,9.92,2196970,TRUE,2.19697,4.52
Ben Sheppard,IND,23,63,19.5,5.3,2.8,1.3,0.6,0.2,0.3,0.418,0.342,0.889,-0.9,11.91,2663880,TRUE,2.66388,4.47
Ochai Agbaji,TOR,25,64,27.2,10.4,3.8,1.5,0.9,0.5,0.8,0.498,0.399,0.708,-3.3,19.21,4310280,TRUE,4.31028,4.46
Tre Mann,CHA,24,13,24.5,14.1,2.9,3,0.5,0.3,1.9,0.435,0.4,0.905,-4.2,21.78,4908373,FALSE,4.908373,4.44
Maxwell Lewis,BKN,22,28,11.7,4.1,2,0.7,0.3,0.3,0.5,0.417,0.38,0.7,-2.4,8.25,1891857,FALSE,1.891857,4.36
Marcus Sasser,DET,24,57,14.2,6.6,1.2,2.3,0.6,0.1,0.9,0.463,0.382,0.843,0.7,11.99,2755080,FALSE,2.75508,4.35
Nick Richards,PHX,27,57,22,9.3,8.2,0.9,0.2,1,1.4,0.591,0,0.744,-4.1,21.49,5000000,TRUE,5,4.3
Josh Giddey,CHI,22,70,30.2,14.6,8.1,7.2,1.2,0.6,2.9,0.465,0.378,0.781,-1,35.82,8352367,TRUE,8.352367,4.29
Jeremy Sochan,SAS,22,54,25.3,11.4,6.5,2.4,0.8,0.5,1.6,0.535,0.308,0.696,-1.6,23.8,5570040,TRUE,5.57004,4.27
Shaedon Sharpe,POR,22,72,31.3,18.5,4.5,2.8,0.9,0.2,2.1,0.452,0.311,0.785,-1.9,28.2,6614160,TRUE,6.61416,4.26
Isaiah Jackson,IND,23,5,16.8,7,5.6,1,0.6,1.6,1,0.609,0,0.5,2,18.62,4435381,FALSE,4.435381,4.2
Nickeil Alexander-Walker,MIN,26,82,25.3,9.4,3.2,2.7,0.6,0.4,1.2,0.438,0.381,0.78,3.3,18.09,4312500,TRUE,4.3125,4.19
Svi Mykhailiuk,UTA,28,38,20,8.8,2.4,2,0.5,0.2,1.4,0.391,0.345,0.8,-2.8,14.68,3500000,FALSE,3.5,4.19
Tyler Smith,MIL,20,23,5.3,2.9,1.1,0.2,0.1,0.2,0.3,0.48,0.433,0.75,0.3,4.82,1157153,FALSE,1.157153,4.17
Craig Porter Jr.,CLE,25,51,10.1,3.7,1.3,1.4,0.3,0.3,0.7,0.514,0.438,0.719,-0.9,7.86,1891857,FALSE,1.891857,4.15
Duop Reath,POR,29,46,10.2,4.2,2,0.6,0.3,0.3,0.3,0.422,0.321,0.909,-1.2,8.4,2048780,FALSE,2.04878,4.1
Ajay Mitchell,OKC,23,36,16.6,6.5,1.9,1.8,0.7,0.1,0.8,0.495,0.383,0.829,3.5,12.28,3000000,FALSE,3,4.09
Bronny James,LAL,20,27,6.7,2.3,0.7,0.8,0.3,0.1,0.5,0.313,0.281,0.786,-2.6,4.64,1157153,FALSE,1.157153,4.01
Bobi Klintman,DET,22,8,5.3,1.9,0.9,0.9,0.3,0.1,0.1,0.6,0.4,0.5,0,5.03,1257153,FALSE,1.257153,4
Taj Gibson,CHA,40,37,11.1,2.9,3.2,0.6,0.2,0.5,0.7,0.495,0.5,0.6,-3.4,8.34,2087519,FALSE,2.087519,4
Miles McBride,NYK,24,64,24.9,9.5,2.5,2.9,1,0.3,0.6,0.406,0.369,0.813,3.3,18.85,4710144,TRUE,4.710144,4
Zach Edey,MEM,23,66,21.5,9.2,8.3,1,0.5,1.3,1.3,0.58,0.346,0.709,2.5,22.96,5756880,TRUE,5.75688,3.99
Andre Drummond,PHI,31,40,18.8,7.3,7.8,0.9,1,0.5,1.4,0.5,0.15,0.622,-6.1,19.61,5000000,TRUE,5,3.92
Jae Crowder,SAC,34,9,11.4,2.6,2.2,0.7,0.3,0,0.4,0.318,0.267,0.833,-2,6.49,1655619,FALSE,1.655619,3.92
Victor Wembanyama,SAS,21,46,33.2,24.3,11,3.7,1.1,3.8,3.2,0.476,0.352,0.836,2.2,49.65,12768960,TRUE,12.76896,3.89
Scottie Barnes,TOR,23,65,32.8,19.3,7.7,5.8,1.4,1,2.8,0.446,0.271,0.755,-2,39.24,10130980,TRUE,10.13098,3.87
Malik Beasley,DET,28,82,27.8,16.3,2.6,1.7,0.9,0.1,1,0.43,0.416,0.679,2.1,22.97,6000000,TRUE,6,3.83
Wendell Moore Jr.,CHA,23,36,13.9,4.2,2.6,1.2,0.6,0.1,0.8,0.468,0.341,0.818,-3.7,9.72,2537040,FALSE,2.53704,3.83
Tristan da Silva,ORL,24,74,22,7.2,3.3,1.5,0.4,0.2,0.8,0.412,0.335,0.873,-1.7,13.81,3628440,TRUE,3.62844,3.81
Payton Pritchard,BOS,27,80,28.4,14.3,3.8,3.5,0.9,0.2,1,0.472,0.407,0.845,5.4,25.31,6696429,TRUE,6.696429,3.78
Markieff Morris,LAL,35,15,11,3.7,1.5,1.4,0.1,0.2,0.3,0.3,0.25,0.833,-1.9,7.9,2087519,FALSE,2.087519,3.78
Amir Coffey,LAC,28,72,24.3,9.7,2.2,1.1,0.6,0.1,0.6,0.471,0.409,0.891,-0.9,14.79,3938271,TRUE,3.938271,3.76
Shake Milton,LAL,28,57,14.7,5.5,1.8,1.8,0.4,0.1,0.7,0.453,0.358,0.797,-2.1,10.66,2875000,FALSE,2.875,3.71
Jordan Hawkins,NOP,23,56,23.6,10.8,2.8,1.2,0.5,0.4,1,0.372,0.331,0.816,-5.7,16.76,4525680,TRUE,4.52568,3.7
Jericho Sims,MIL,26,53,11.9,1.8,3.7,0.6,0.2,0.4,0.6,0.634,0,0.615,0.5,7.74,2092344,FALSE,2.092344,3.7
Matt Ryan,NOP,28,19,3.6,1.5,0.4,0.2,0.1,0,0.2,0.323,0.316,1,-2.1,2.28,621439,FALSE,0.621439,3.67
Dalton Knecht,LAL,24,78,19.2,9.1,2.8,0.8,0.3,0.1,0.5,0.461,0.376,0.762,-0.9,13.96,3819120,TRUE,3.81912,3.66
Eric Gordon,PHI,36,39,19.7,6.8,1.2,1.7,0.7,0.3,0.7,0.426,0.409,0.75,-1.8,12.09,3303771,FALSE,3.303771,3.66
Caleb Houstan,ORL,22,58,13.6,4.1,1.3,0.6,0.4,0.1,0.2,0.421,0.4,0.882,-1.1,7.36,2019699,FALSE,2.019699,3.64
Bilal Coulibaly,WAS,20,59,33,12.3,5,3.4,1.3,0.7,2.1,0.421,0.281,0.746,-9.9,25.3,6945240,TRUE,6.94524,3.64
Cason Wallace,OKC,21,68,27.6,8.4,3.4,2.5,1.8,0.5,0.9,0.474,0.356,0.811,5.4,19.93,5555880,TRUE,5.55588,3.59
Cam Reddish,LAL,25,33,17.9,3.2,2,0.7,1,0.3,0.4,0.404,0.277,0.615,-2.8,8.85,2463946,FALSE,2.463946,3.59
Amen Thompson,HOU,22,69,32.3,14.1,8.2,3.8,1.4,1.3,2,0.557,0.275,0.684,3.9,33.04,9249960,TRUE,9.24996,3.57
Jaden Ivey,DET,23,30,29.9,17.6,4.1,4,0.9,0.4,3,0.46,0.409,0.733,-2.1,28.12,7977240,FALSE,7.97724,3.53
Bennedict Mathurin,IND,23,72,29.9,16.1,5.3,1.9,0.7,0.3,1.9,0.458,0.34,0.831,1.3,25.41,7245720,TRUE,7.24572,3.51
Ayo Dosunmu,CHI,25,46,30.3,12.3,3.5,4.5,0.9,0.4,1.5,0.492,0.328,0.785,-5.1,24.35,7000000,TRUE,7,3.48
Kelly Oubre Jr.,PHI,29,60,34.6,15.1,6.1,1.8,1.5,0.5,1.3,0.47,0.293,0.751,-4.3,27.82,7983000,TRUE,7.983,3.48
Cam Christie,LAC,19,13,4.5,1.4,0.9,0.5,0.4,0.1,0.2,0.292,0.154,0.5,-0.8,4.03,1157153,FALSE,1.157153,3.48
Kris Dunn,LAC,31,74,24.1,6.4,3.4,2.8,1.7,0.4,1,0.439,0.335,0.682,3.5,17.88,5168000,TRUE,5.168,3.46
Jalen Hood-Schifino,PHI,22,15,21,7.1,1.8,2.5,0.3,0.5,1.2,0.378,0.304,0.857,-6.4,13.41,3879840,FALSE,3.87984,3.46
Paolo Banchero,ORL,22,46,34.4,25.9,7.5,4.8,0.8,0.6,3,0.452,0.32,0.727,-0.5,41.9,12160800,TRUE,12.1608,3.45
Baylor Scheierman,BOS,24,31,12.4,3.6,2.1,1.1,0.5,0.1,0.4,0.355,0.317,0.75,0.9,8.57,2494320,FALSE,2.49432,3.44
Tristan Thompson,CLE,34,40,8.2,1.7,3.4,0.6,0.1,0.3,0.4,0.437,0,0.233,-2.1,7.08,2087519,FALSE,2.087519,3.39
Kevin Love,MIA,36,23,10.9,5.3,4.1,1,0.7,0.2,0.6,0.357,0.358,0.696,-1.1,12.92,3850000,FALSE,3.85,3.36
David Roddy,HOU,24,33,12.4,4.6,2.5,1.1,0.4,0.3,0.7,0.456,0.311,0.769,-2.3,9.95,2967212,FALSE,2.967212,3.35
Evan Mobley,CLE,24,71,30.5,18.5,9.3,3.2,0.9,1.6,2,0.557,0.37,0.725,7.7,37.46,11227657,TRUE,11.227657,3.34
Cade Cunningham,DET,23,70,35,26.1,6.1,9.1,1,0.8,4.4,0.469,0.356,0.846,2.5,46.27,13940809,TRUE,13.940809,3.32
Jonathan Kuminga,GSW,22,47,24.3,15.3,4.6,2.2,0.8,0.4,1.5,0.454,0.305,0.668,0.2,25.02,7636307,TRUE,7.636307,3.28
Blake Wesley,SAS,22,58,11.8,3.7,1.1,2,0.6,0.1,0.9,0.435,0.293,0.623,-0.2,8.52,2624280,FALSE,2.62428,3.25
Ivica Zubac,LAC,28,80,32.8,16.8,12.6,2.7,0.7,1.1,1.6,0.628,0,0.661,6.4,37.97,11743210,TRUE,11.74321,3.23
Kris Murray,POR,24,69,15.1,4.2,2.6,1,0.5,0.2,0.6,0.419,0.225,0.456,-0.7,9.62,2990040,TRUE,2.99004,3.22
James Wiseman,IND,24,1,4.6,6,1,0,0,0,0,0.5,0,1,-4,7.2,2237691,FALSE,2.237691,3.22
Corey Kispert,WAS,26,61,26.3,11.6,3,1.7,0.4,0.2,1,0.451,0.364,0.852,-4.5,17.95,5705887,TRUE,5.705887,3.15
Ziaire Williams,BKN,23,63,24.5,10,4.6,1.3,1,0.4,1.1,0.412,0.341,0.821,-5.2,19.17,6133005,TRUE,6.133005,3.13
Patty Mills,LAC,36,29,11.1,3.8,0.8,0.9,0.4,0.1,0.6,0.375,0.347,0.929,-0.5,6.51,2087519,FALSE,2.087519,3.12
Terrence Shannon Jr.,MIN,24,32,10.6,4.3,1.5,1,0.2,0.2,0.5,0.482,0.355,0.81,0.3,7.9,2546640,FALSE,2.54664,3.1
Jalen Suggs,ORL,24,35,28.6,16.2,4,3.7,1.5,0.9,2.9,0.41,0.314,0.882,0.1,28.45,9188385,FALSE,9.188385,3.1
Olivier-Maxence Prosper,DAL,22,52,11.2,3.9,2.4,0.8,0.5,0.1,0.3,0.402,0.235,0.645,-2,8.88,2870400,FALSE,2.8704,3.09
Matas Buzelis,CHI,20,80,18.9,8.6,3.5,1,0.4,0.9,0.9,0.454,0.361,0.815,-0.4,16,5195520,TRUE,5.19552,3.08
Josh Richardson,MIA,31,8,18.7,4,1.5,1.5,1,0.1,1,0.289,0.273,1,-3.9,9.25,3051153,FALSE,3.051153,3.03
Donovan Clingan,POR,21,67,19.8,6.5,7.9,1.1,0.5,1.6,1.1,0.539,0.286,0.596,0,20.73,6836400,TRUE,6.8364,3.03
Taylor Hendricks,UTA,21,3,24.8,4.7,5,0.7,1.7,1.3,0.7,0.222,0.25,0.75,-7.3,17.05,5848680,FALSE,5.84868,2.92
Johnny Furphy,IND,20,50,7.6,2.1,1.4,0.4,0.4,0.2,0.2,0.38,0.3,0.818,0.4,5.38,1850842,FALSE,1.850842,2.91
Rayan Rupert,POR,21,52,8.8,3,1.3,0.5,0.3,0.1,0.6,0.408,0.271,0.767,-1.7,5.51,1891857,FALSE,1.891857,2.91
Davion Mitchell,MIA,26,74,27.4,7.9,2.3,4.9,1,0.2,1.7,0.468,0.398,0.69,0,18.71,6451077,TRUE,6.451077,2.9
Chet Holmgren,OKC,23,32,27.4,15,8,2,0.7,2.2,1.8,0.49,0.379,0.754,9.2,31.6,10880640,FALSE,10.88064,2.9
Brandon Miller,CHA,22,27,34.2,21,4.9,3.6,1.1,0.7,2.8,0.403,0.355,0.861,-4.6,33.08,11424600,FALSE,11.4246,2.9
Haywood Highsmith,MIA,28,74,24.6,6.5,3.4,1.5,0.9,0.5,0.7,0.458,0.382,0.721,0.8,14.93,5200000,TRUE,5.2,2.87
Paul Reed,DET,26,45,9.7,4.1,2.7,1,0.9,0.6,0.6,0.507,0.286,0.762,1,11.24,3913234,FALSE,3.913234,2.87
Moses Moody,GSW,23,74,22.3,9.8,2.6,1.3,0.8,0.4,0.7,0.433,0.374,0.797,1.8,16.57,5803269,TRUE,5.803269,2.86
Keegan Murray,SAC,24,76,34.3,12.4,6.7,1.4,0.8,0.9,0.8,0.444,0.343,0.833,0.6,25.14,8809560,TRUE,8.80956,2.85
Precious Achiuwa,NYK,25,57,20.5,6.6,5.6,1,0.8,0.7,0.8,0.502,0.278,0.594,-0.8,17.02,6000000,TRUE,6,2.84
Naji Marshall,DAL,27,69,27.8,13.2,4.8,3,1,0.2,1.6,0.508,0.275,0.813,-2,24.26,8571429,TRUE,8.571429,2.83
Hunter Tyson,DEN,25,51,7.8,2.6,1.5,0.4,0.2,0.1,0.3,0.375,0.311,0.75,-1.9,5.3,1891857,FALSE,1.891857,2.8
Stephon Castle,SAS,20,81,26.7,14.7,3.7,4.1,0.9,0.3,2.2,0.428,0.285,0.724,-3,25.49,9105120,TRUE,9.10512,2.8
Vlatko Cancar,DEN,28,13,10.4,1.8,2.5,0.7,0.2,0.2,0.8,0.385,0.267,0,-1.4,5.85,2087519,FALSE,2.087519,2.8
Tyler Kolek,NYK,24,41,7.2,2,0.7,1.7,0.3,0.1,0.4,0.329,0.298,0.765,0,5.79,2087519,FALSE,2.087519,2.77
Ausar Thompson,DET,22,59,22.5,10.1,5.1,2.3,1.7,0.7,1.4,0.535,0.224,0.641,1.1,23.07,8376000,TRUE,8.376,2.75
Garrett Temple,TOR,39,28,8.1,1.9,1,1.1,0.6,0.1,0.4,0.3,0.214,0.917,-1,5.75,2087519,FALSE,2.087519,2.75
Luka Garza,MIN,26,39,5.6,3.5,1.4,0.3,0.2,0.1,0.3,0.495,0.278,0.686,0,5.93,2162606,FALSE,2.162606,2.74
Torrey Craig,BOS,34,26,12.1,4.2,2.8,0.7,0.3,0.5,0.3,0.422,0.364,0.667,-1.9,9.91,3625162,FALSE,3.625162,2.73
Dariq Whitehead,BKN,20,20,12.3,5.7,1.5,0.6,0.3,0.1,0.8,0.406,0.446,0.6,-3.2,8.4,3114240,FALSE,3.11424,2.7
Dillon Jones,OKC,23,54,10.2,2.5,2.2,1.1,0.3,0.1,0.5,0.383,0.254,0.607,1.4,7.09,2622360,FALSE,2.62236,2.7
Josh Minott,MIN,22,46,6,2.6,1,0.4,0.3,0.3,0.2,0.489,0.326,0.895,-0.3,5.4,2019699,FALSE,2.019699,2.67
Austin Reaves,LAL,27,73,34.9,20.2,4.5,5.8,1.1,0.3,2.4,0.46,0.377,0.877,2.7,34.7,12976362,TRUE,12.976362,2.67
Dalen Terry,CHI,22,73,13.5,4.5,1.7,1.3,0.6,0.2,0.7,0.448,0.356,0.71,-2.4,9.39,3510480,FALSE,3.51048,2.67
Coby White,CHI,25,74,33.1,20.4,3.7,4.5,0.9,0.2,2.4,0.453,0.37,0.902,-1.9,31.39,12000000,TRUE,12,2.62
Jalen Green,HOU,23,82,32.9,21,4.6,3.4,0.9,0.3,2.5,0.423,0.354,0.813,2,31.52,12483048,TRUE,12.483048,2.53
Anthony Black,ORL,21,78,24.2,9.4,2.9,3.1,1.1,0.6,1.8,0.423,0.318,0.761,-0.5,19.13,7607760,TRUE,7.60776,2.51
Bones Hyland,MIN,24,24,9.9,6.2,1,1.3,0.8,0.2,1,0.398,0.39,0.885,-1.3,10.35,4158439,FALSE,4.158439,2.49
Max Christie,DAL,22,78,27.3,9.6,3.3,1.9,0.8,0.4,1.1,0.427,0.366,0.855,-1.1,17.71,7142857,TRUE,7.142857,2.48
Cory Joseph,ORL,33,50,12.2,3.5,1.5,1.4,0.5,0.1,0.4,0.403,0.364,0.778,0.7,8.2,3303771,FALSE,3.303771,2.48
Chris Paul,SAS,40,82,28,8.8,3.6,7.4,1.3,0.3,1.6,0.427,0.377,0.924,0,25.82,10460000,TRUE,10.46,2.47
Kobe Bufkin,ATL,21,10,12.4,5.3,2.1,1.7,0.3,0.2,0.8,0.383,0.211,0.722,-2.3,10.57,4299000,FALSE,4.299,2.46
Alex Sarr,WAS,20,67,27.1,13,6.5,2.4,0.7,1.5,1.7,0.394,0.308,0.679,-8.1,27.1,11245680,TRUE,11.24568,2.41
PJ Dozier,MIN,28,9,3.9,0.8,0.6,0.6,0.1,0,0.1,0.667,0.667,0.167,-0.4,2.52,1051255,FALSE,1.051255,2.4
Jabari Smith Jr.,HOU,22,57,30.1,12.2,7,1.1,0.4,0.7,1.1,0.438,0.354,0.825,4.4,23.35,9770880,TRUE,9.77088,2.39
Nicolas Batum,LAC,36,78,17.5,4,2.8,1.1,0.7,0.5,0.4,0.437,0.433,0.81,1.9,11.01,4668000,TRUE,4.668,2.36
Jonas Valanciunas,SAC,33,81,18.8,10.4,7.7,2,0.5,0.6,1.5,0.55,0.216,0.879,-3.8,23.34,9900000,TRUE,9.9,2.36
Goga Bitadze,ORL,25,70,20.4,7.2,6.6,2,0.7,1.4,1,0.611,0.107,0.639,1.1,21.32,9057971,TRUE,9.057971,2.35
Jordan McLaughlin,SAS,29,46,6.8,2.1,0.7,1.1,0.3,0,0.3,0.431,0.413,0.773,1.2,4.89,2087519,FALSE,2.087519,2.34
Damion Lee,PHX,32,25,5.8,3.3,0.8,0.4,0.2,0,0.4,0.365,0.243,0.952,1,4.86,2087519,FALSE,2.087519,2.33
Scoot Henderson,POR,21,66,26.7,12.7,3,5.1,1,0.2,2.7,0.419,0.354,0.767,-0.6,23.65,10259160,TRUE,10.25916,2.31
Al Horford,BOS,39,60,27.6,9,6.2,2.1,0.6,0.9,0.8,0.423,0.363,0.895,6.6,21.79,9500000,TRUE,9.5,2.29
Jaylon Tyson,CLE,22,47,9.6,3.6,2,0.9,0.3,0.1,0.6,0.43,0.345,0.792,0,7.55,3326160,FALSE,3.32616,2.27
Dean Wade,CLE,28,59,21.2,5.4,4.2,1.3,0.7,0.3,0.4,0.413,0.36,0.533,4.8,13.99,6166667,TRUE,6.166667,2.27
Drew Eubanks,LAC,28,61,12.2,4.6,3.7,0.9,0.2,0.6,0.7,0.593,0.5,0.662,-2.1,11.29,5000000,FALSE,5,2.26
Jordan Walsh,BOS,21,52,7.8,1.6,1.3,0.4,0.2,0.2,0.3,0.361,0.273,0.583,0.5,4.26,1891857,FALSE,1.891857,2.25
Malaki Branham,SAS,22,47,9.1,5,1.1,0.8,0.2,0,0.7,0.458,0.405,0.818,-0.7,7.22,3217920,FALSE,3.21792,2.24
Reggie Jackson,PHI,35,31,12.4,4.4,1.4,1.5,0.5,0.1,0.5,0.391,0.338,0.778,-0.6,9.03,4033748,FALSE,4.033748,2.24
Alex Len,LAL,32,46,8.3,1.6,2.1,0.8,0.2,0.5,0.4,0.508,0.222,0.471,-3.3,6.32,2831348,FALSE,2.831348,2.23
Doug McDermott,SAC,33,42,8.1,3.5,0.5,0.2,0.1,0,0.1,0.427,0.436,0.6,0.6,4.5,2087519,FALSE,2.087519,2.16
T.J. McConnell,IND,33,79,17.9,9.1,2.4,4.4,1.1,0.3,1.4,0.519,0.306,0.74,-0.7,19.98,9300000,TRUE,9.3,2.15
Onyeka Okongwu,ATL,24,74,27.9,13.4,8.9,2.3,0.9,0.9,1.2,0.567,0.324,0.759,0.5,29.93,14000000,TRUE,14,2.14
Cody Martin,PHX,29,53,22.1,6.8,4.2,2,1.1,0.6,1,0.418,0.285,0.705,-2,17.24,8120000,TRUE,8.12,2.12
Royce O'Neale,PHX,32,75,24.5,9.1,4.7,2.2,0.9,0.4,0.9,0.423,0.406,0.731,-2.1,19.74,9375000,TRUE,9.375,2.11
Anthony Gill,WAS,32,51,7.8,2.5,1.3,0.3,0.2,0,0.2,0.489,0.323,0.66,-1.4,4.71,2237691,FALSE,2.237691,2.1
Buddy Hield,GSW,32,82,22.7,11.1,3.2,1.6,0.8,0.3,1.1,0.417,0.37,0.828,1.7,18.44,8780488,TRUE,8.780488,2.1
Jalen Smith,CHI,25,64,15,8.2,5.6,1,0.3,0.7,0.6,0.466,0.324,0.809,-0.6,17.82,8571429,TRUE,8.571429,2.08
Jarace Walker,IND,21,75,15.8,6.1,3.1,1.5,0.7,0.3,1,0.472,0.405,0.667,-1.9,13.07,6362520,TRUE,6.36252,2.05
Deni Avdija,POR,24,72,30,16.9,7.3,3.9,1,0.5,2.7,0.476,0.365,0.78,-1.1,31.81,15625000,TRUE,15.625,2.04
Chris Livingston,MIL,21,21,5,1.4,1.7,0.2,0.2,0,0.3,0.333,0,0.75,-1.4,3.84,1891857,FALSE,1.891857,2.03
Aaron Holiday,HOU,28,62,12.8,5.5,1.3,1.3,0.3,0.2,0.6,0.437,0.398,0.829,1.4,9.41,4668000,FALSE,4.668,2.02
Kenrich Williams,OKC,30,69,16.4,6.3,3.5,1.4,0.6,0.1,0.6,0.483,0.386,0.718,4.8,13.4,6669000,TRUE,6.669,2.01
Donte DiVincenzo,MIN,28,62,25.9,11.7,3.7,3.6,1.2,0.3,1.6,0.422,0.397,0.778,2.8,22.94,11445000,TRUE,11.445,2
Kevon Looney,GSW,29,76,15,4.5,6.1,1.6,0.6,0.5,0.5,0.514,0.4,0.566,1.5,15.92,8000000,TRUE,8,1.99
Kobe Brown,LAC,25,40,6.8,1.9,1.6,0.6,0.2,0.1,0.3,0.458,0.231,0.714,-1.3,5.02,2533920,FALSE,2.53392,1.98
Josh Hart,NYK,30,77,37.6,13.6,9.6,5.9,1.5,0.4,2.1,0.525,0.333,0.776,2.6,35.67,18144000,TRUE,18.144,1.97
Moritz Wagner,ORL,28,30,18.8,12.9,4.9,1.4,0.8,0.4,1.6,0.562,0.36,0.718,-0.6,21.68,11000000,FALSE,11,1.97
Mike Conley,MIN,37,71,24.7,8.2,2.6,4.5,1.1,0.2,1.1,0.4,0.41,0.9,3.7,19.57,9975962,TRUE,9.975962,1.96
Aaron Wiggins,OKC,26,76,22.9,12,3.9,1.8,0.8,0.2,0.9,0.488,0.383,0.831,6.8,20.48,10514017,TRUE,10.514017,1.95
Tre Jones,CHI,25,46,19.7,7.2,2.5,4.2,0.8,0.2,0.8,0.538,0.396,0.821,-0.7,17.7,9104167,TRUE,9.104167,1.94
Luke Kennard,MEM,29,65,22.6,8.9,2.8,3.3,0.8,0.1,1.1,0.478,0.433,0.895,1.9,17.91,9250000,TRUE,9.25,1.94
Daniel Gafford,DAL,26,57,21.5,12.3,6.8,1.4,0.4,1.8,1.2,0.702,0,0.689,0.6,25.76,13394160,TRUE,13.39416,1.92
P.J. Washington,DAL,26,57,32.2,14.7,7.8,2.3,1.1,1.1,2.1,0.453,0.381,0.722,0.9,29.81,15500000,TRUE,15.5,1.92
Georges Niang,ATL,32,79,21.5,9.9,3.4,1.4,0.4,0.2,1,0.461,0.406,0.793,2.5,16.28,8500000,TRUE,8.5,1.92
Naz Reid,MIN,25,80,27.5,14.2,6,2.3,0.7,0.9,1.4,0.462,0.379,0.776,4.3,26.65,13986432,TRUE,13.986432,1.91
Caleb Martin,DAL,29,45,27.1,7.9,3.9,2.1,1,0.5,1.2,0.424,0.359,0.622,-3.4,17.53,9186594,TRUE,9.186594,1.91
Devin Carter,SAC,23,36,11,3.8,2.1,1.1,0.6,0.1,0.5,0.37,0.295,0.591,1.2,8.87,4689000,FALSE,4.689,1.89
Wendell Carter Jr.,ORL,26,68,25.9,9.1,7.2,2,0.8,0.6,1.1,0.46,0.234,0.737,-0.2,22.44,11950000,TRUE,11.95,1.88
Trey Lyles,SAC,29,69,19.6,6.5,4.6,1.2,0.6,0.3,0.6,0.42,0.34,0.7,-1,15.02,8000000,TRUE,8,1.88
Aaron Nesmith,IND,25,45,24.9,12,4,1.2,0.8,0.4,0.8,0.507,0.431,0.913,4.4,20.2,11000000,TRUE,11,1.84
Sidy Cissoko,POR,21,22,5.2,1.5,1,0.7,0.1,0,0.5,0.433,0.231,0.333,0.4,3.45,1891857,FALSE,1.891857,1.82
Dario Saric,DEN,31,16,13.1,3.5,3.1,1.4,0.4,0.1,0.9,0.362,0.269,0.7,-3.1,9.42,5168000,FALSE,5.168,1.82
Alex Caruso,OKC,31,54,19.3,7.1,2.9,2.5,1.6,0.6,0.7,0.446,0.353,0.824,5.9,18.03,9890000,TRUE,9.89,1.82
Derrick Jones Jr.,LAC,28,77,24.3,10.1,3.4,0.8,1,0.4,0.9,0.526,0.356,0.703,3.2,17.28,9523810,TRUE,9.52381,1.81
Cody Williams,UTA,20,50,21.2,4.6,2.3,1.2,0.5,0.3,0.9,0.323,0.259,0.725,-6.8,9.86,5469120,TRUE,5.46912,1.8
Dwight Powell,DAL,33,55,10,2.1,2.1,1,0.3,0.4,0.3,0.689,0.4,0.651,-0.3,7.22,4000000,FALSE,4,1.8
Jordan Clarkson,UTA,33,37,26,16.2,3.2,3.7,0.8,0.2,2.3,0.408,0.362,0.797,-5.5,25.29,14092577,FALSE,14.092577,1.79
Herbert Jones,NOP,26,20,32.4,10.3,3.9,3.3,1.9,0.5,1.8,0.436,0.306,0.825,-1,22.93,12976362,FALSE,12.976362,1.77
Malik Monk,SAC,27,65,31.6,17.2,3.8,5.6,0.9,0.6,2.4,0.439,0.325,0.865,1.8,30.76,17405203,TRUE,17.405203,1.77
Kyle Anderson,MIA,31,61,16.4,5.9,3.4,2.4,0.7,0.5,0.6,0.469,0.357,0.738,-0.4,15.38,8780488,TRUE,8.780488,1.75
Matisse Thybulle,POR,28,15,20.8,7.5,3.5,1.9,2.2,0.6,0.9,0.477,0.438,0.467,0.1,19.25,11025000,FALSE,11.025,1.75
Josh Okogie,CHA,26,40,15.6,7.1,2.8,0.8,1.2,0.5,0.8,0.443,0.348,0.741,-0.3,14.26,8250000,TRUE,8.25,1.73
Jakob Poeltl,TOR,29,57,29.6,14.5,9.6,2.8,1.2,1.2,1.9,0.627,0.333,0.674,-0.6,33.12,19500000,TRUE,19.5,1.7
Ousmane Dieng,OKC,22,37,10.9,3.8,2.2,0.8,0.5,0.2,0.5,0.432,0.324,0.688,1.2,8.54,5027040,FALSE,5.02704,1.7
Grant Williams,CHA,26,16,29.9,10.4,5.1,2.3,1.1,0.8,1.8,0.439,0.365,0.838,0.6,21.97,13025250,FALSE,13.02525,1.69
Vasilije Micic,PHX,31,41,19.1,6.6,2.2,3.1,0.4,0,1.9,0.348,0.36,0.829,-3,12.79,7723000,TRUE,7.723,1.66
Chris Boucher,TOR,32,50,17.2,10,4.5,0.7,0.5,0.5,0.6,0.492,0.363,0.782,0.1,17.85,10810000,TRUE,10.81,1.65
Jalen Brunson,NYK,28,65,35.4,26,2.9,7.3,0.9,0.1,2.5,0.488,0.383,0.821,2.2,39.93,24960001,TRUE,24.960001,1.6
KJ Martin,UTA,24,43,21.2,6.4,2.9,1.1,0.4,0.5,0.6,0.552,0.259,0.787,-3.3,12.73,7975000,TRUE,7.975,1.6
Larry Nance Jr.,ATL,32,24,19.3,8.5,4.3,1.6,0.8,0.5,0.7,0.516,0.447,0.692,-4,17.96,11205000,FALSE,11.205,1.6
Zaccharie Risacher,ATL,20,75,24.6,12.6,3.6,1.2,0.7,0.5,1.2,0.458,0.355,0.711,-1.6,19.92,12569040,TRUE,12.56904,1.58
Derrick White,BOS,30,76,33.9,16.4,4.5,4.8,0.9,1.1,1.7,0.442,0.384,0.839,7.1,31.3,20071429,TRUE,20.071429,1.56
Norman Powell,LAC,32,60,32.6,21.8,3.2,2.1,1.2,0.2,1.8,0.484,0.418,0.804,5.9,29.79,19241379,TRUE,19.241379,1.55
De'Anthony Melton,BKN,27,6,20.2,10.3,3.3,2.8,1.2,0.3,1.7,0.407,0.371,0.625,4.5,19.76,12822000,FALSE,12.822,1.54
Patrick Baldwin Jr.,LAC,22,24,4.4,2.2,1,0.1,0.1,0.1,0.2,0.543,0.565,0.5,1.2,3.75,2448840,FALSE,2.44884,1.53
John Konchar,MEM,29,46,12.1,2.4,3.3,0.9,0.7,0.3,0.3,0.451,0.371,0.875,1.3,9.41,6165000,FALSE,6.165,1.53
Jarrett Allen,CLE,27,82,28,13.5,9.7,1.9,0.9,0.9,1.2,0.706,0,0.718,6.3,30.39,20000000,TRUE,20,1.52
Leonard Miller,MIN,21,13,2.4,1.5,0.8,0,0.2,0.1,0.2,0.4,0,1,-0.9,2.86,1891857,FALSE,1.891857,1.51
Kelly Olynyk,NOP,34,44,20.2,8.7,4.7,2.9,0.8,0.4,1.7,0.5,0.418,0.769,-1.3,19.39,12804878,TRUE,12.804878,1.51
MarJon Beauchamp,NYK,24,35,4.5,2.3,1.3,0.3,0.1,0,0.4,0.415,0.345,0.75,0.3,4.11,2733720,FALSE,2.73372,1.5
Gary Payton II,GSW,32,62,15,6.5,3,1.3,0.8,0.3,0.6,0.574,0.326,0.711,0.7,13.65,9130000,TRUE,9.13,1.5
Myles Turner,IND,29,72,30.2,15.6,6.5,1.5,0.8,2,1.7,0.481,0.396,0.773,2.8,29.55,19928500,TRUE,19.9285,1.48
Collin Sexton,UTA,26,63,27.9,18.4,2.7,4.2,0.7,0.1,2.5,0.48,0.406,0.865,-4.5,27.04,18350000,TRUE,18.35,1.47
DeMar DeRozan,SAC,35,77,35.9,22.2,3.9,4.4,0.8,0.4,1.4,0.477,0.328,0.857,1.4,34.48,23400000,TRUE,23.4,1.47
Simone Fontecchio,DET,29,75,16.5,5.9,2.9,0.9,0.4,0.2,0.7,0.402,0.335,0.833,0.2,11.23,7692308,TRUE,7.692308,1.46
Obi Toppin,IND,27,79,19.6,10.5,4,1.6,0.6,0.4,0.9,0.529,0.365,0.781,-1,18.8,12975000,TRUE,12.975,1.45
Joe Ingles,MIN,37,19,6,0.8,0.6,1.2,0.1,0,0.5,0.261,0.2,0,0.1,3.02,2087519,FALSE,2.087519,1.45
Brandon Clarke,MEM,28,64,18.9,8.3,5.1,1,0.8,0.6,0.6,0.621,0.059,0.701,2.8,18.12,12500000,TRUE,12.5,1.45
Shai Gilgeous-Alexander,OKC,26,76,34.2,32.7,5,6.4,1.7,1,2.4,0.519,0.375,0.898,12.1,51.3,35859950,TRUE,35.85995,1.43
Cole Anthony,MEM,25,67,18.4,9.4,3,2.9,0.7,0.5,1.5,0.424,0.353,0.823,-0.2,18.25,12900000,TRUE,12.9,1.41
RJ Barrett,TOR,25,58,32.2,21.1,6.3,5.4,0.8,0.3,2.9,0.468,0.35,0.63,-2.4,36.06,25794643,TRUE,25.794643,1.4
Richaun Holmes,WAS,31,31,17.2,7.4,5.7,1.4,0.3,0.7,0.7,0.647,0,0.833,-1.2,17.64,12648321,FALSE,12.648321,1.39
Klay Thompson,DAL,35,72,27.3,14,3.4,2,0.7,0.4,1.2,0.412,0.391,0.905,-1.1,22.08,15873016,TRUE,15.873016,1.39
Jaren Jackson Jr.,MEM,25,74,29.8,22.2,5.6,2,1.2,1.5,2.1,0.488,0.375,0.781,4.5,35.22,25257798,TRUE,25.257798,1.39
Jett Howard,ORL,21,60,11.7,4.5,1.2,0.7,0.2,0.2,0.6,0.374,0.296,0.696,-1.4,7.19,5278320,FALSE,5.27832,1.36
Caris LeVert,ATL,30,64,24.9,12.1,3.2,3.4,0.9,0.5,1.2,0.467,0.373,0.71,4,22.64,16615384,TRUE,16.615384,1.36
Rob Dillingham,MIN,20,49,10.5,4.5,1,2,0.4,0,1.1,0.441,0.338,0.533,0.4,8.4,6262920,FALSE,6.26292,1.34
Rui Hachimura,LAL,27,59,31.7,13.1,5,1.4,0.8,0.4,0.8,0.509,0.413,0.77,2.7,22.8,17000000,TRUE,17,1.34
Jayson Tatum,BOS,27,72,36.4,26.8,8.7,6,1.1,0.5,2.9,0.452,0.343,0.814,7.4,46.54,34848340,TRUE,34.84834,1.34
Cameron Johnson,BKN,29,57,31.6,18.8,4.3,3.4,0.9,0.4,1.7,0.475,0.39,0.893,-3.5,29.96,22500000,TRUE,22.5,1.33
Jock Landale,HOU,29,42,11.9,4.8,3.3,0.9,0.3,0.2,0.5,0.533,0.423,0.675,-0.6,10.61,8000000,FALSE,8,1.33
Miles Bridges,CHA,27,64,31.7,20.3,7.5,3.9,0.7,0.7,2.1,0.431,0.313,0.87,-4,35.85,27173913,TRUE,27.173913,1.32
Terance Mann,ATL,28,67,21.1,7.7,3,1.8,0.7,0.2,0.7,0.496,0.368,0.691,-1.4,15.1,11423077,TRUE,11.423077,1.32
Jaden Springer,UTA,22,43,8.5,2.5,1.3,0.8,0.6,0.1,0.4,0.389,0.25,0.711,-0.7,6.26,4772772,FALSE,4.772772,1.31
D'Angelo Russell,BKN,29,58,25.5,12.6,2.8,5.1,1,0.4,1.9,0.39,0.314,0.834,0,24.51,18692307,TRUE,18.692307,1.31
Tyler Herro,MIA,25,77,35.4,23.9,5.2,5.5,0.9,0.2,2.6,0.472,0.375,0.878,1.3,37.99,29000000,TRUE,29,1.31
Max Strus,CLE,29,50,25.5,9.4,4.3,3.2,0.5,0.2,1.1,0.442,0.386,0.824,4.4,19.66,15212068,TRUE,15.212068,1.29
James Harden,LAC,35,79,35.3,22.8,5.8,8.7,1.5,0.7,4.3,0.41,0.352,0.874,4.4,42.91,33653846,TRUE,33.653846,1.28
Isaiah Joe,OKC,25,74,21.7,10.2,2.6,1.6,0.6,0.1,0.5,0.44,0.412,0.821,7.4,16.62,12991650,TRUE,12.99165,1.28
Jarred Vanderbilt,LAL,26,36,16.1,4.1,5.1,1.1,1,0.3,0.8,0.488,0.281,0.556,1,13.67,10714286,FALSE,10.714286,1.28
Dejounte Murray,NOP,28,31,32.6,17.5,6.5,7.4,2,0.4,3.4,0.393,0.299,0.823,-6.7,37.8,29517135,FALSE,29.517135,1.28
John Collins,UTA,27,40,30.5,19,8.2,2,1,1,2.6,0.527,0.399,0.848,-0.4,33.24,26580000,TRUE,26.58,1.25
Jevon Carter,CHI,29,36,8.9,4.3,1.1,1.1,0.4,0.1,0.3,0.377,0.333,0.8,1,7.97,6500000,FALSE,6.5,1.23
Pat Connaughton,MIL,32,41,14.7,5.3,2.7,1.7,0.2,0.3,0.6,0.469,0.321,0.774,-0.3,11.49,9423869,FALSE,9.423869,1.22
Luguentz Dort,OKC,26,71,29.2,10.1,4.1,1.6,1.1,0.5,0.7,0.435,0.412,0.717,7.7,19.92,16500000,TRUE,16.5,1.21
Mikal Bridges,NYK,28,82,37,17.6,3.2,3.7,0.9,0.5,1.6,0.5,0.354,0.814,4.1,28.19,23300000,TRUE,23.3,1.21
Isaac Okoro,CLE,24,55,19.1,6.1,2.4,1.2,0.6,0.3,0.4,0.464,0.371,0.717,4.6,12.18,10185186,TRUE,10.185186,1.2
Isaiah Stewart,DET,24,72,19.9,6,5.5,1.7,0.4,1.4,0.9,0.559,0.321,0.759,0.1,17.85,15000000,TRUE,15,1.19
LaMelo Ball,CHA,23,47,32,25.2,4.9,7.4,1.1,0.3,3.6,0.405,0.339,0.843,-2.8,41.38,35147000,TRUE,35.147,1.18
Tyrese Maxey,PHI,24,52,37.7,26.3,3.3,6.1,1.8,0.4,2.4,0.437,0.337,0.879,-2.4,41.41,35147000,TRUE,35.147,1.18
Grayson Allen,PHX,29,64,24.1,10.6,3,2.1,0.8,0.3,1.2,0.448,0.426,0.816,-1.2,18.35,15625000,TRUE,15.625,1.17
Mitchell Robinson,NYK,27,17,17.1,5.1,5.9,0.8,0.9,1.1,0.6,0.661,0,0.684,1.4,16.78,14318182,FALSE,14.318182,1.17
Dorian Finney-Smith,LAL,32,63,28.9,8.7,3.9,1.4,0.9,0.4,0.9,0.448,0.411,0.667,4.9,17.18,14924167,TRUE,14.924167,1.15
Zion Williamson,NOP,24,30,28.6,24.6,7.2,5.3,1.2,0.9,3,0.567,0.231,0.656,-1.4,42.39,36725670,FALSE,36.72567,1.15
Anfernee Simons,POR,26,70,32.7,19.3,2.7,4.8,0.9,0.1,2,0.426,0.363,0.902,-3.1,29.74,25892857,TRUE,25.892857,1.15
Giannis Antetokounmpo,MIL,30,67,34.2,30.4,11.9,6.5,0.9,1.2,3.1,0.601,0.222,0.617,5,55.53,48787676,TRUE,48.787676,1.14
Keldon Johnson,SAS,25,77,23.9,12.7,4.8,1.6,0.6,0.3,1,0.482,0.318,0.773,-2.8,21.66,19000000,TRUE,19,1.14
Josh Green,CHA,24,68,27.8,7.4,2.5,1.6,1.1,0.2,1,0.428,0.391,0.681,-5.4,14.4,12654321,TRUE,12.654321,1.14
De'Aaron Fox,SAS,27,62,36.1,23.5,4.8,6.3,1.5,0.4,2.8,0.463,0.31,0.827,-1.1,39.71,34848340,TRUE,34.84834,1.14
De'Andre Hunter,CLE,27,64,27.2,17,4,1.4,0.8,0.2,1.3,0.47,0.405,0.846,1.4,24.6,21696429,TRUE,21.696429,1.13
Harrison Barnes,SAS,33,82,27.2,12.3,3.8,1.7,0.5,0.2,0.6,0.508,0.433,0.809,-0.3,20.21,18000000,TRUE,18,1.12
Draymond Green,GSW,35,68,29.2,9,6.1,5.6,1.5,1,2.6,0.424,0.325,0.687,4,27.12,24107143,TRUE,24.107143,1.12
Jae'Sean Tate,HOU,29,52,11.3,3.6,2.3,0.9,0.5,0.1,0.4,0.473,0.348,0.681,1,8.51,7565217,FALSE,7.565217,1.12
Anthony Davis,DAL,32,51,33.4,24.7,11.6,3.5,1.2,2.2,2.2,0.516,0.282,0.775,0.5,48.47,43219440,TRUE,43.21944,1.12
Aaron Gordon,DEN,29,51,28.4,14.7,4.8,3.2,0.5,0.3,1.4,0.531,0.436,0.81,5.9,25.46,22841455,TRUE,22.841455,1.11
Brook Lopez,MIL,37,80,31.8,13,5,1.8,0.6,1.9,1.1,0.509,0.373,0.826,1.7,25.6,23000000,TRUE,23,1.11
Andrew Wiggins,MIA,30,60,30.7,18,4.5,2.6,1,0.8,1.7,0.448,0.374,0.763,-1.7,29.2,26276786,TRUE,26.276786,1.11
Jaden McDaniels,MIN,24,82,31.9,12.2,5.7,2,1.3,0.9,1.2,0.477,0.33,0.813,2.1,25.24,23017242,TRUE,23.017242,1.1
Jeff Green,HOU,38,32,12.4,5.4,1.8,0.6,0.2,0.1,0.3,0.504,0.367,0.808,-1.2,8.76,8000000,FALSE,8,1.1
Kevin Huerter,CHI,26,69,24.3,9.9,3,2.3,1,0.3,1,0.425,0.338,0.714,1.5,18.55,16830357,TRUE,16.830357,1.1
Bam Adebayo,MIA,27,78,34.3,18.1,9.6,4.3,1.3,0.7,2.1,0.485,0.357,0.765,0.3,37.97,34848340,TRUE,34.84834,1.09
Domantas Sabonis,SAC,29,70,34.7,19.1,13.9,6,0.7,0.4,2.9,0.59,0.417,0.754,2.1,44.08,40500000,TRUE,40.5,1.09
Donovan Mitchell,CLE,28,71,31.4,24,4.5,5,1.3,0.2,2.1,0.443,0.368,0.823,7.4,37.8,35410310,TRUE,35.41031,1.07
Isaiah Hartenstein,OKC,27,57,27.9,11.2,10.7,3.8,0.8,1.1,1.7,0.581,0,0.675,7.3,31.84,30000000,TRUE,30,1.06
Jordan Poole,WAS,26,68,29.4,20.5,3,4.5,1.3,0.4,3,0.432,0.378,0.883,-8.2,31.25,29651786,TRUE,29.651786,1.05
Steven Adams,HOU,31,58,13.7,3.9,5.6,1.1,0.4,0.5,0.9,0.545,0,0.462,3,13.17,12600000,FALSE,12.6,1.05
Clint Capela,ATL,31,55,21.4,8.9,8.5,1.1,0.6,1,0.9,0.559,0,0.536,-1.4,23.05,22265280,TRUE,22.26528,1.04
Ja Morant,MEM,25,50,30.4,23.2,4.1,7.3,1.2,0.2,3.7,0.454,0.309,0.824,4.5,38.17,36725670,TRUE,36.72567,1.04
Desmond Bane,ORL,27,69,32,19.2,6.1,5.3,1.2,0.4,2.4,0.484,0.392,0.894,2.1,35.27,34005250,TRUE,34.00525,1.04
Tobias Harris,DET,32,73,31.6,13.7,5.9,2.2,1,0.8,1.2,0.477,0.345,0.861,2.6,26.48,25365854,TRUE,25.365854,1.04
Tim Hardaway Jr.,DET,33,77,28,11,2.4,1.6,0.5,0.1,0.6,0.406,0.368,0.855,0.3,16.88,16193183,TRUE,16.193183,1.04
Malcolm Brogdon,WAS,32,24,23.5,12.7,3.8,4.1,0.5,0.2,1.6,0.433,0.286,0.88,-5,23.21,22500000,FALSE,22.5,1.03
Jamal Murray,DEN,28,67,36.1,21.4,3.9,6,1.4,0.5,2.1,0.474,0.393,0.886,4.9,36.78,36016200,TRUE,36.0162,1.02
Gabe Vincent,LAL,29,72,21.2,6.4,1.3,1.4,0.7,0.2,0.6,0.4,0.353,0.714,0.7,11.26,11000000,TRUE,11,1.02
Julius Randle,MIN,30,69,32.3,18.7,7.1,4.7,0.7,0.2,2.8,0.485,0.344,0.806,2.4,33.27,33073920,TRUE,33.07392,1.01
Kyle Kuzma,MIL,29,65,29.8,14.8,5.7,2.3,0.6,0.3,2.2,0.436,0.307,0.634,-6.4,24.69,24456061,TRUE,24.456061,1.01
Trae Young,ATL,26,76,36,24.2,3.1,11.6,1.2,0.2,4.7,0.411,0.34,0.875,0.4,43.42,43031940,TRUE,43.03194,1.01
Brandon Ingram,TOR,27,18,33.1,22.2,5.6,5.2,0.9,0.6,3.8,0.465,0.374,0.855,-7.1,35.92,36016200,FALSE,36.0162,1
Dillon Brooks,HOU,29,75,31.8,14,3.7,1.7,0.8,0.2,1,0.429,0.397,0.818,2.8,21.99,22255493,TRUE,22.255493,0.99
Anthony Edwards,MIN,23,79,36.3,27.6,5.7,4.5,1.2,0.6,3.2,0.447,0.395,0.837,3.7,41.59,42176400,TRUE,42.1764,0.99
Patrick Williams,CHI,23,63,25,9,3.8,2,0.8,0.5,1.4,0.397,0.353,0.723,-2.9,17.76,18000000,TRUE,18,0.99
Johnny Davis,WAS,23,34,7.1,2.4,1.1,0.3,0.4,0.2,0.2,0.41,0.241,0.6,-0.8,5.17,5291160,FALSE,5.29116,0.98
CJ McCollum,NOP,33,56,32.7,21.1,3.8,4.1,0.8,0.4,1.9,0.444,0.373,0.717,-5,32.31,33333333,TRUE,33.333333,0.97
Kyrie Irving,DAL,33,50,36.1,24.7,4.8,4.6,1.3,0.5,2.2,0.473,0.401,0.916,2.5,38.76,41000000,TRUE,41,0.95
Reed Sheppard,HOU,21,52,12.6,4.4,1.5,1.4,0.7,0.3,0.7,0.351,0.338,0.813,-1,9.6,10098960,FALSE,10.09896,0.95
Nic Claxton,BKN,26,70,26.9,10.3,7.4,2.2,0.9,1.4,1.2,0.563,0.238,0.513,-7.1,25.88,27556817,TRUE,27.556817,0.94
Devin Vassell,SAS,24,64,31,16.3,4,2.9,1.3,0.5,1.4,0.443,0.368,0.792,-4.1,27.65,29347826,TRUE,29.347826,0.94
Darius Garland,CLE,25,75,30.7,20.6,2.9,6.7,1.2,0.1,2.5,0.472,0.401,0.878,6.7,34.23,36725670,TRUE,36.72567,0.93
Tyrese Haliburton,IND,25,73,33.6,18.6,3.5,9.2,1.4,0.7,1.6,0.473,0.388,0.851,3,39.2,42176400,TRUE,42.1764,0.93
LeBron James,LAL,40,70,34.9,24.4,7.8,8.2,1,0.6,3.7,0.513,0.376,0.782,-0.8,45.56,48728845,TRUE,48.728845,0.93
Karl-Anthony Towns,NYK,29,72,35,24.4,12.8,3.1,1,0.7,2.7,0.526,0.42,0.829,5.3,45.11,49205800,TRUE,49.2058,0.92
Immanuel Quickley,TOR,26,33,27.8,17.1,3.5,5.8,0.7,0.1,1.8,0.42,0.378,0.867,-1.2,29.8,32500000,FALSE,32.5,0.92
Zach Collins,CHI,27,64,15.3,6.4,4.5,1.7,0.5,0.5,0.9,0.507,0.302,0.885,-0.5,15.45,16741200,TRUE,16.7412,0.92
Deandre Ayton,POR,26,40,30.1,14.4,10.2,1.6,0.8,1,1.7,0.566,0.188,0.667,-4.1,30.94,34005126,TRUE,34.005126,0.91
Lonzo Ball,CHI,27,35,22.2,7.6,3.4,3.3,1.3,0.5,1.2,0.366,0.344,0.815,2.9,19.03,21395348,FALSE,21.395348,0.89
Gary Harris,ORL,30,48,14.8,3,1.3,0.6,0.5,0.3,0.4,0.383,0.356,0.583,1.8,6.66,7500000,FALSE,7.5,0.89
James Johnson,IND,38,12,3.1,0.7,0.5,0.3,0,0.2,0.3,0.364,0,0,-0.8,1.85,2087519,FALSE,2.087519,0.89
Duncan Robinson,MIA,31,74,24.1,11,2.3,2.4,0.5,0.1,1.2,0.437,0.393,0.887,0.9,17.36,19406000,TRUE,19.406,0.89
Zeke Nnaji,DEN,24,57,10.7,3.2,1.6,0.4,0.4,0.7,0.2,0.496,0.327,0.614,-0.4,7.72,8888889,FALSE,8.888889,0.87
Marcus Smart,WAS,31,34,20,9,2.1,3.2,1.1,0.3,1.6,0.393,0.348,0.761,1.2,17.52,20210284,FALSE,20.210284,0.87
Michael Porter Jr.,DEN,27,77,33.7,18.2,7,2.1,0.6,0.5,1.4,0.504,0.395,0.768,3.4,30.55,35859950,TRUE,35.85995,0.85
Damian Lillard,MIL,34,58,36.1,24.9,4.7,7.1,1.2,0.2,2.8,0.448,0.376,0.921,0.9,41.19,48787676,TRUE,48.787676,0.84
Maxi Kleber,LAL,33,34,18.7,3,2.8,1.3,0.3,0.5,0.7,0.385,0.265,0.762,-0.5,9.21,11000000,FALSE,11,0.84
Pascal Siakam,IND,31,78,32.7,20.2,6.9,3.4,0.9,0.5,1.4,0.519,0.389,0.734,4,34.98,42176400,TRUE,42.1764,0.83
OG Anunoby,NYK,27,74,36.6,18,4.8,2.2,1.5,0.9,1.4,0.476,0.372,0.81,4.1,30.46,36637932,TRUE,36.637932,0.83
Devin Booker,PHX,28,75,37.3,25.6,4.1,7.1,0.9,0.2,2.9,0.461,0.332,0.894,-2.4,40.47,49205800,TRUE,49.2058,0.82
Jerami Grant,POR,31,47,32.4,14.4,3.5,2.1,0.9,1,1.4,0.373,0.365,0.849,-4.3,24.15,29793104,TRUE,29.793104,0.81
Jrue Holiday,BOS,35,62,30.6,11.1,4.3,3.9,1.1,0.4,1.2,0.443,0.353,0.909,5.5,23.91,30000000,TRUE,30,0.8
Kevin Durant,PHX,36,62,36.5,26.6,6,4.2,0.8,1.2,3.1,0.527,0.43,0.839,-0.6,41,51179021,TRUE,51.179021,0.8
Joel Embiid,PHI,31,19,30.2,23.8,8.2,4.5,0.7,0.9,3.3,0.444,0.299,0.882,-3,40.29,51415938,FALSE,51.415938,0.78
Terry Rozier,MIA,31,64,25.9,10.6,3.7,2.6,0.6,0.2,1.2,0.391,0.295,0.852,-2.2,19.34,24924126,TRUE,24.924126,0.78
Zach LaVine,SAC,30,74,35.2,23.3,4.3,4.2,0.8,0.2,2.8,0.511,0.446,0.825,-0.9,33.96,44531940,TRUE,44.53194,0.76
Khris Middleton,WAS,33,37,22.8,11.9,3.7,4.1,0.9,0.2,1.5,0.475,0.361,0.857,1.1,23.19,31000000,FALSE,31,0.75
Bruce Brown,NOP,28,41,22.5,8.3,4,2,0.8,0.2,1,0.421,0.333,0.815,-5.5,17.1,23000000,TRUE,23,0.74
Jaylen Brown,BOS,28,63,34.3,22.2,5.8,4.5,1.2,0.3,2.6,0.463,0.324,0.764,6.4,36.31,49205800,TRUE,49.2058,0.74
Kentavious Caldwell-Pope,MEM,32,77,29.6,8.7,2.2,1.8,1.3,0.4,0.8,0.439,0.342,0.863,0.1,16.64,22757000,TRUE,22.757,0.73
Kawhi Leonard,LAC,34,37,31.9,21.5,5.9,3.1,1.6,0.5,1.9,0.498,0.411,0.81,8,35.53,49205800,FALSE,49.2058,0.72
Marvin Bagley III,MEM,26,31,8.6,4.4,2.7,0.4,0.3,0.3,0.4,0.519,0.158,0.657,-0.3,9.04,12500000,FALSE,12.5,0.72
Chris Duarte,CHI,28,17,4.4,2.1,1.2,0.5,0,0,0.1,0.462,0.4,0.75,0.7,4.19,5893768,FALSE,5.893768,0.71
Rudy Gobert,MIN,33,72,33.2,12,10.9,1.8,0.8,1.4,1.2,0.669,0,0.674,4.5,30.98,43827586,TRUE,43.827586,0.71
Stephen Curry,GSW,37,70,32.2,24.5,4.4,6,1.1,0.4,2.9,0.448,0.397,0.933,4.3,38.88,55761216,TRUE,55.761216,0.7
Fred VanVleet,HOU,31,60,35.2,14.1,3.7,5.6,1.6,0.4,1.5,0.378,0.345,0.81,4.4,29.44,42846615,TRUE,42.846615,0.69
Lauri Markkanen,UTA,28,47,31.4,19,5.9,1.5,0.7,0.4,1.4,0.423,0.346,0.876,-4,29.13,42176400,TRUE,42.1764,0.69
Paul George,PHI,35,41,32.5,16.2,5.3,4.3,1.8,0.5,2.6,0.43,0.358,0.814,-2,31.01,49205800,TRUE,49.2058,0.63
Jonathan Isaac,ORL,27,71,15.4,5.4,4.4,0.6,0.9,1.1,0.5,0.414,0.258,0.682,-0.5,15.08,25000000,TRUE,25,0.6
P.J. Tucker,NYK,40,3,19.3,3,2.7,0,0.3,0.3,0.3,0.429,0.5,0,-7.3,7.14,12025777,FALSE,12.025777,0.59
Bradley Beal,PHX,32,53,32.1,17,3.3,3.7,1.1,0.5,1.9,0.497,0.386,0.803,-5.2,27.81,50203930,TRUE,50.20393,0.55
Ben Simmons,LAC,28,51,22,5,4.7,5.6,0.7,0.5,2,0.52,0,0.727,-1.1,19.44,40011909,TRUE,40.011909,0.49
Jalen McDaniels,SAC,27,4,1.8,0,0,0.3,0.3,0,0,0,0,0,-0.3,1.05,4861772,FALSE,4.861772,0.22
